x,y,color,gt_x,gt_y
0.10095266997814178,-0.20195382833480835,green,-0.3300026837678053,-0.32999984740505167
-0.09973350912332535,-0.2019442766904831,blue,-0.3300026837678053,-0.32999984740505167
-0.3271750211715698,-0.3322913646697998,red,-0.3300026837678053,-0.32999984740505167
0.10095266997814178,-0.20195382833480835,green,-0.3299985910665368,-0.2699998636049426
-0.09973350912332535,-0.2019442766904831,blue,-0.3299985910665368,-0.2699998636049426
-0.3247819244861603,-0.2723032236099243,red,-0.3299985910665368,-0.2699998636049426
