x,y,color,gt_x,gt_y
0.0004464373050723225,-0.20193688571453094,red,-0.3300004986480756,-0.32999996742916143
0.10095266997814178,-0.20195382833480835,green,-0.3300004986480756,-0.32999996742916143
-0.09973350912332535,-0.2019442766904831,blue,-0.3300004986480756,-0.32999996742916143
