x,y,color,gt_x,gt_y
0.34935304522514343,-0.0838533341884613,red,-0.3299994947200425,-0.3299998219970431
